,,,,,,,,,,
Date,Time,Observer,Comments,,,,,,,
9th May 2022,10:16,,,,,,,,,
9th May 2022,11:10,,Very loud in corridor outside G26,,,,,,,
9th May 2022,15:15,,Also quite loud,,,,,,,
9th May 2022,15:56,,Short beep,,,,,,,
11th May 2022,10:10,,3 beeps,,,,,,,
11th May 2022,12:22,,2 beeps,,,,,,,
11th May 2022,14:44,,Longish,,,,,,,
11th May 2022,14:50,,"Cress ran into corridor, v loud.",,,,,,,
11th May 2022,15:34,,"v loud, not nouse, pure vibes, overtones, inference",,,,,,,
16th May 2022,13:56,,Very long?,,,,,,,
16th May 2022,15:42,,Short,,,,,,,
17th May 2022,10:50,,Short,,,,,,,
17th May 2022,12:01,,Short lunchtime beep,,,,,,,
17th May 2022,13:09,,Quiet,,,,,,,
17th May 2022,14:35,,Louder,,,,,,,
17th May 2022,15:34,,"4 separate beeps, quiet and 2nd VERY short",,,,,,,
18th May 2022,11:32,,"20 secs, quiet",,,,,,,
18th May 2022,12:26,,"4 beeps, loud -> quiet",,,,,,,
18th May 2022,12:41,,2 different beeps at once,,,,,,,
18th May 2022,15:35,,loud + short,,,,,,,
19th May 2022,15:03,,10 secs,,,,,,,
23rd May 2022,11:13,,2-tone,,,,,,,
24th May 2022,10:48,,,,,,,,,
24th May 2022,10:52,,,,,,,,,
24th May 2022,13:32,,heard in coffee lounge,,,,,,,
24th May 2022,13:36,,"one short one lounge, coffee lounge",,,,,,,
25th May 2022,8:53,,early beep,,,,,,,
25th May 2022,10:09,,loud beep,,,,,,,
25th May 2022,10:16,,loud + small gap since last,,,,,,,
26th May 2022,12:47,,,,,,,,,
26th May 2022,14:27,,,,,,,,,
30th May 2022,14:18,,30 sec,,,,,,,
31st May 2022,12:24,,loud 30secs,The last of the whiteboard entries,,,,,,
 1/6/22,12:10,,loud beep even hear over music omg!!!!,,,,,,,
 1/6/22,15:05,,insanely quiet,,,,,,,
 6/6/22,12:30,,,,,,,,,
 7/6/22,12:39,,loud 30 secs,,,,,,,
 7/6/22,13:08,TB,"faint for 15 seconds in G31, Bb",,,,,,,
 8/6/22,11:41,,heard from eg meeting,,,,,,,
 8/6/22,13:05,,,,,,,,,
 8/6/22,13:40,,V quiet+short,,,,,,,
 9/6/22,12:36,,,,,,,,,
 9/6/22,13:39,,,,,,,,,
 10/6/22,9:42,,early beep,,,,,,,
 10/6/22,11:26,,loud and long unlike my sex life,,,,,,,
 10/6/22,13:10,,,,,,,,,
 10/6/22,13:15,,"weird short, quiet beep",,,,,,,
 13/6/22,11:33,,,,,,,,,
 13/6/22,13:27,,,,,,,,,
 14/6/22,1:00,,cress heard a beep in a dream,,,,,,,
 14/6/22,10:37,,,,,,,wtf,leav me alone,
 14/6/22,12:37,,,,,,,,,
 15/6/22,10:40,,The beep was almost missed because everyone is wearing headphones but I'm pretty sure it happened,,,,,,,
 15/6/22,10:41,,Longgggg and then one short one straight after!,omg hi lucy,heyyyyy dan,u heard it too?,yes my song jsut ended lol,,,
 15/6/22,11:58,,"Triple beep, two quiet then one loud",,,,you mean 6 kiss by triple redd?,,,
 15/6/22,12:00,,Triple beep again but long,,,,yes i am watching ur spotify,,,
 15/6/22,12:29,,"Heard in PW117, longggg (also heard in g27)",omfg lucy,sorry ,,,,,
 15/6/22,12:32,,Omg again in PW117,2fast4me,,,hi guys ^-^,hello cressidacle,,
 15/6/22,12:51,,And again... v v long,jhdvadsib,:'),,,pis off,piss of further,no it is fun to annoy you
 16/6/22,9:38,,10 secs maybe? v quiet,,,,,,,
 17/6/22,12:02,,,,m already in geneva is that not enough 'pissing off' for you,,,,,wait
 17/6/22,13:56,,,,,,,,,how do we have records of the beep in 1999?
 17/6/22,14:40,,,,,,,,,seems auto date entry is fucky
 20/6/22,11:00,,BIG BEEP that beeped just as Dan come into the room! Working theory: the beep announces Dan,,,,,,,
 20/6/22,12:31,,Heard in the coffee lounge at lunch,,,,,,,
 20/6/22,13:04,,lil beep,,,,,,,
 21/6/22,11:05,,tiny beep,,,,,,,
 21/6/22,11:12,,the tiny beep repeats -- currently unsure if its the same beep but it sounds very similar,,,,,,,
 21/6/22,13:12,,"The real beep is back! One longish, one very long then one short",,,,,,,
 21/6/22,13:37,,,,,,,,,
 21/6/22,14:01,,"new beep (lil beep as described above), twice, higher-pitched than usual",,,,,,,
 21/6/22,14:05,,anotha one dj khaled,,,,,,,
 21/6/22,14:11,,2 beep then 7 very short successive beeps,sounded like printer,,,,,,
 21/6/22,14:17,,beep,,,,,,,
 21/6/22,14:22,,,,,,,,,
 21/6/22,14:51,,normal beep is back yay,,,,,,,
 22/6/22,14:39,,its a long one,,,,,,,
 23/6/22,11:08,,"v long, heard from 117 loud and clear",,,,,,,
 23/6/22,12:06,,like a beep only quieter ,,,,,,,
 23/6/22,13:00,,short then long,,,,,,,
 27/6/22,9:50,,It's just like non stop. I know only beep now. Is it even the beep? Am I going mad? Stops every now and again just to fuck with me.,"It ended by the end of my call at 10:30, not sure when in that time period.",I am contesting this `beep',,,,,
 28/6/22,10:58,,,,,,,,,
 28/6/22,11:49,,,,,,,,,
 28/6/22,12:42,,,,,,,,,
 29/6/22,9:39,,"Loud, then gradually quieter to fade out. Beautiful.",poetic,,,,,,
 30/6/22,11:20,DR,just as eliot walks into office. sus!!!!,,,,,,,
 1/7/22,11:02,EF,,,,,,,,
 1/7/22,14:08,EF,,,,,,,,
 1/7/22,14:11,EF,,,,,,,,
 1/7/22,10:46,EF,,,,,,,,
 1/7/22,11:00,,,,,,,,,
 5/7/22,10:31,DR,pretty fuckin loud how about u shut up,,,,,,,
 5/7/22,10:53,DR,quieter than before hopefully that means it heard me,,,,,,,
 5/7/22,11:18,EF,,,,,,,,
 5/7/22,12:27,CC,2 beeps heard in coffee lounge,,,,,,,
 5/7/22,12:36,cc,long + another ,,,,,,,
 5/7/22,13:03,DR,twin beep,,,,,,,
 5/7/22,13:09,DR,why so many today,,,,,,,
 6/7/22,9:18,DR,pre talk beep (also early pog),,,,,,,
 6/7/22,12:12,DR,riccardo beep,,,,,,,
 6/7/22,12:17,DR,,,,,,,,
 6/7/22,12:50,DR,"LUCY: ""THATS LOUD!!""",,,,,,,
 6/7/22,12:54,DR,loud again ,,,,,,,
 6/7/22,13:13,DR,no im logging it,:(,,,,,,
 6/7/22,15:45,CC,shortie,"(bonus, ice cream van went by at same time - wait maybe not, maybe flute practice)",,,,,,
 7/7/22,10:02,DR,quiet from 117,,,,,,,
 7/7/22,11:42,DR,we hate electromagnetism ,,,,,,,
 7/7/22,11:43,DR,double beep ,,,,,,,
 7/7/22,12:42,CC,x2,,,,,,,
 7/7/22,13:09,DR,paused for a bit then kept on goin,,,,,,,
 7/7/22,15:34,ER,v short,,,,,,,
 8/7/22,11:48,EF,,,,,,,,
 8/7/22,12:53,EF,,,,,,,,
 11/7/22,10:33,EF,,,,,,,,
 11/7/22,11:27,EF,,,,,,,,
 11/7/22,13:09,EF,,,,,,,,
 12/7/22,10:33,EF,,,,,,,,
 12/7/22,15:04,EF,,,,,,,,
 13/7/22,10:33,EF,,,,,,,,
 13/7/22,10:38,EF,,,,,,,,
 13/7/22,11:46,EF,,,,,,,,
 13/7/22,14:52,EF,,,,,,,,
 19/7/22,10:04,CC,"2 tones, 1st one higher pitched, (major 3rd), 2nd one faded out and then came back again. minute later went again",,,,,,,
 19/7/22,12:05,CC,Harmonised beep again,,,,,,,
 19/7/22,13:46,CC,loud n long x2,,,,,,,
 19/7/22,15:06,CC,,,,,,,,
 20/7/22,13:41,LT,Two short ones separated by a few seconds,,,,,,,
 20/7/22,16:14,CC,,,,,,,,
 21/7/22,12:33,EF,,,,,,,,
 22/7/22,12:43,CC,,,,,,,,
 22/7/22,14:15,AA,"long af, heard from PW123a",,,,,,,
 22/7/22,15:09,CC,long boi,,,,,,,
 26/7/22,10:12,EF,,,,,,,,
 26/7/22,11:07,EF,,,,,,,,
 26/7/22,11:16,EF,,,,,,,,
 1/8/22,11:40,DR,first beep since holidays yay,happy august,thank u anonymous turtle,,,,,
 1/8/22,13:23,LT,Harmonic beep (major third) in the same key as the song I was listening to,,,,,,,
 2/8/22,12:37,DR,long beep + short beep at same time in different tone,,,,,,,
 2/8/22,12:40,DR,it returns but only one this time,,,,,,,
 2/8/22,12:53,DR,it is beep hour,,,,,,,
 2/8/22,13:48,CC,lunchbeep,,,,,,,
 3/8/22,12:37,DR,2 close beeps,,,,,,,
 4/8/22,10:11,DR,was about 5 mins ago but i forgot to write down ,,,,,,,
 4/8/22,11:57,DR,"very werid pitch (nasaly, almost). i think the beep has a cold",,,,,,,
 8/8/22,10:55,LT,Beepity beep beep,,,,,,,
 8/8/22,11:15,LT,"Longboiiiii, nicely in tune to the song i was listening to",,,,,,,
 8/8/22,12:35,LT,,,,,,,,
 8/8/22,12:37,LT,beep poppin off,,,,,,,
 8/8/22,13:09,LT,longish loud ,,,,,,,
 9/8/22,12:25,ER,ended with a higher pitched beep!,,,,,,,
 9/8/22,12:35,ER,short but sweet,,,,,,,
 9/8/22,13:07,ER,two short beeps,,,,,,,
 9/8/22,13:10,ER,this one ended with a lower pitched beep,,,,,,,
 9/8/22,13:11,ER,long beep,,,,,,,
 9/8/22,16:56,ER,"high beep, low beep",,,,,,,
 10/8/22,13:36,ER,slowly faded away,,,,,,,
 11/8/22,12:10,LT,Long beep followed by another beep a major third below!!!! /harmonsiing,,,,,,,
 11/8/22,15:40,ER,long beep followed by higher pitched beep,,,,,,,
 12/8/22,13:55,LT,Short beep one major third higher than normal,,,,,,,
 12/8/22,14:14,LT,Major third up then down woooo,,,,,,,
 15/8/22,12:43,LT,Nice n long,,,,,,,
 18/8/22,11:52,CC,long beep! ,,,,,,,
 18/8/22,13:57,CC,beepy,,,,,,,
 19/8/22,11:24,DR,failed beep followed by real beep,?,,,,,,
 19/8/22,11:29,DR,,,,,,,,
 19/8/22,13:01,CC,,,,,,,,
 19/8/22,13:20,DR,,,,,,,,
 22/8/22,11:27,AA,"a really long one, around 15s",,,,,,,
 22/8/22,11:42,AA,"slightly higher pitched than before, 5s",,,,,,,
 22/8/22,13:11,LT,Lunchtime beep beep ,,,,,,,
 22/8/22,14:22,LT,"Aysha: 'I think that's about 15 seconds, well I actually counted to 14'",,,,,,,
 22/8/22,11:33,LT,,,,,,,,
 22/8/22,12:09,LT,Aysha: 'I counted to 8… very slowly',,,,,,,
 23/8/22,13:06,DR,yeah i heard beep,,,,,,,
 23/8/22,13:07,DR,this is getting silly now,,,,,,,
 25/8/22,12:45,CC,longy,,,,,,,
 25/8/22,12:52,CC,,,,,,,,
 25/8/22,14:08,CC,,,,,,,,
 30/8/22,12:40,CC,loud,,,,,,,
 30/8/22,13:11,CC,,,,,,,,
 5/9/22,14:53,DR,"if a beep happens in the office and no one is around to hear it, did it even occur?",,,,,,,
 5/9/22,16:28,AA,can't believe I had to stop my music for this ,,,,,,,
 6/9/22,12:36,CC,lib beep,,,,,,,
 6/9/22,12:40,CC,,,,,,,,
 7/9/22,11:07,DR,,,,,,,,
 7/9/22,12:34,DR,shhhh alex jill is in a meeting,,,,,,,
 7/9/22,12:46,CC,not another one???,,,,,,,
 8/9/22,11:33,CC,double beep,,,,,,,
 8/9/22,12:29,,lunch beep,,,,,,,
 9/8/22,12:35,,,,,,,,,
 12/9/22,12:32,DR,i am using cress laptop its disgusting also 2x beep,,,,,,,
 12/9/22,12:34,CC,triple beep (short),,,,,,,
 12/9/22,12:36,CC,x3 !!! this is nuts,,,,,,,
 12/9/22,16:52,DR,late beep time to go home ,,,,,,,
 13/9/22,13:15,ER,short,,,,,,,
 14/9/22,13:09,ER,"interrupted university challenge, rude",,,,,,,
 14/9/22,14:16,CC,post lunch beep,can hear grom graham office ,,,,,,
 20/9/22,12:34,DR,double beep beep,,,,,,,
 20/9/22,12:50,DR,very long beep stfu,,,,,,,
 20/9/22,13:06,CC,bep,,,,,,,
 21/9/22,11:17,DR,eg beep,,,,,,,
 21/9/22,12:31,CC,lunch beep,,,,,,,
 21/9/22,12:41,CC,,,,,,,,
 21/9/22,14:55,DR,collaborative effort,,,,,,,
 21/9/22,15:08,ER,cheating has occured let it be known!!,sore loser detected?,,,,,,
 22/9/22,12:33,DR,bep,,,,,,,
 22/9/22,12:41,DR,agen,glad to see everyone is working hard,,,,,,
 22/9/22,14:56,DR,loud,,,,,,,
 22/9/22,15:12,ER,omg,,,,,,,
 23/9/22,11:19,DG,2 beeps,,,,,,,
 23/9/22,14:01,LT,Muted beep heard in Vinen room,,,,,,,
 26/9/22,12:35,DR,double beep very long with final dying breath beep,nyoom,,,,,,
 26/9/22,13:08,CC,lomch beep x2,,,,,,,
 26/9/22,14:04,DR,the chase,,,,,,,
 26/9/22,15:07,CC,,,,,,,,
 27/9/22,12:36,DG,two long beeps a day makes me want to go away,,,,,,,
 27/9/22,13:57,CC and DR :) (30-70 split),beeeeeeeeeeeeeeeeeeeeeeeeeeeeeeeep,get away from my beep,,,,,,
 27/9/22,14:10,DR,it tried very hard to stop but it just had to carry on kind of like trying to stop peeing half way through,foul play,,,,,,
 28/9/22,11:53,CC,EG beep,rawr xD,,,,,,
 28/9/22,11:58,CC,anotha one,o_O whaaaaaaattttttt,,,,,,
 28/9/22,12:39,CC,triple,teamwork,,,,,,
 28/9/22,12:43,CC,,,,,,,,
 28/9/22,12:47,CC,busy busy,,,,,,,
 28/9/22,13:06,CC,x3? ,,,,,,,
 29/9/22,9:55,DR,early sleepy beep,,,,,,,
 29/9/22,10:04,DR,it is waking up,,,,,,,
 29/9/22,11:54,CC,gm,,,,,,,
 29/9/22,12:38,LT hello,hello,beep amirite,,,,,,
 29/9/22,13:07,CC,hello HELLO CRESS,go away,,,,,,
 29/9/22,14:24,DR,"hiysha, cresshida",,,,,,,
 29/9/22,15:25,DR,o_O,,,,,,,
 30/9/22,10:17,CC,viva beep,O.o,,,,,,
 30/9/22,11:19,CC,,hello cress,,,,,,
 30/9/22,12:12,AA,3 beeps all tapered off at the end,omg who was this hiii,,,,,,
 30/9/22,13:09,CC,lunch beep,,,,,,,
 30/9/22,15:38,DR**2,post viva beep,damn beat me to it Dr DR,,,,,,
 30/9/22,16:46,LT,BEEP heard in nuffield omg,,,,,,,
 3/10/22,11:54,CC,october beep,spooky,,,,,,
 3/10/22,12:02,CC,,higher pitch? than the october beep?,,,,,,
 3/10/22,12:30,DG,,i did not notice,,,,,,
 3/10/22,12:40,CC,beeple,,,,,,,
 3/10/22,13:05,CC,,,,,,,,
 4/10/22,10:30,EF,,,,,,,,
 4/10/22,11:57,DG,ouch my ears :(,idk why but it keeps putting the date in the wrong order for me </3,It thinks we're in america,,,,,
 4/10/22,12:01,DG,"leave me alone, cursed beep!",,god forbid,,,,,
 4/10/22,12:20,DG,was that like three beeps in a row or am I going insane,can confirm,,,,,,
 4/10/22,12:26,,short one this time,,,,,,,
 4/10/22,12:57,ER,triple beep,,,,,,,
 5/10/22,10:01,EF,,,,,,,,
 5/10/22,10:05,EF,,,,,,,,
 5/10/22,10:37,EF,,,,,,,,
 5/10/22,14:07,EF,,,,,,,,
 6/10/22,11:16,AA,short happy beep,,,,,,,
 6/10/22,12:30,CC,nom nom beep,,,,,,,
 6/10/22,13:00,AG,"two short beeps, wild! Also this is my first recorded beep :D",woahhhh congrats,,,,,,
 6/10/22,13:36,EF,,,,,,,,
 6/10/22,14:05,EF,,,,,,,,
 7/10/22,10:30,EF,,,,,,,,
 7/10/22,13:14,EF,,,,,,,,
 7/10/22,15:29,EF,,,,,,,,
 10/10/22,12:10,EF,,,,,,,,
 10/10/22,12:14,CC,,,,,,,,
 10/10/22,13:08,CC,"one loud, then 2 quiet, 3rd one got louder. one more short beep. 4 total",,,,,,,
 10/10/22,14:18,EF,,,,,,,,
 11/10/22,11:48,ER,booooooooooooop,,,,,,,
 11/10/22,11:55,CC,shorty,,,,,,,
 11/10/22,12:42,EF,,,,,,,,
 11/10/22,13:11,ER,boooop,heard from sean's office :o,:o,,,,,
 11/10/22,13:40,ER,booooooooooop,,,,,,,
 12/10/22,9:39,DR,weird beep with lots of pauses,,,,,,,
 12/10/22,9:43,DR,longer beep with also lots of pauses,so multiple beeps?,,,,,,
 12/10/22,12:35,CC,Double beep,,,,,,,
 12/10/22,12:37,CC,,,,,,,,
 12/10/22,13:10,CC,asr meeting beep x2,,,,,,,
 12/10/22,13:20,CC,walking beep,,,,,,,
 12/10/22,13:35,ER,l o u d,,,,,,,
 13/10/22,10:50,DR,only just audible from upstairs,,,,,,,
 13/10/22,11:24,DR,i miss the loudness of the downstairs beeps,,,,,,,
 13/10/22,11:48,DR,ok this is silly,,,,,,,
 13/10/22,12:44,ER,quiet and short,,,,,,,
 13/10/22,13:45,ER,heard in matt's office,baby beep,,,,,,
 13/10/22,15:00,ER,boooop,,,,,,,
 13/10/22,15:13,ER,booop,,,,,,,
 14/10/22,9:11,EF,,,,,,,,
 14/10/22,12:58,EF,,,,,,,,
 14/10/22,13:18,EF,,,,,,,,
 17/10/22,11:49,CC,no one recorded 2-3 coffee beeps :( ,long boi,,,,,,
 17/10/22,12:28,CC,,,,,,,,
 17/10/22,14:12,EF,,,,,,,,
 17/10/22,15:13,EF,,,,,,,,
 19/10/22,9:33,DR,,,,,,,,
 19/10/22,10:12,DR,a triple beep,,,,,,,
 19/10/22,11:18,CC,too slow evan,:(,,,,,,
 19/10/22,15:12,,beat me to it damn,so loud,,,,,,
 20/10/22,9:21,EF,,,,,,,,
 20/10/22,9:24,EF,,,,,,,,
 20/10/22,12:30,EF,,,,,,,,
 20/10/22,12:32,AA,why so long,,,,,,,
 20/10/22,13:11,ER,from matt's office,,,,,,,
 20/10/22,13:37,CC,strange beep sounded like car horn,hello everyone,PM resignation beep,,,,,
 20/10/22,15:37,AA,"heard in yr1 labs extremely high pitched, is this beep or something else",was it not a resonance tube?,i'm telling you it's the beep,,,,,
 21/10/22,11:24,DG,,,,,,,,
 21/10/22,12:52,CC,,,,,,,,
 21/10/22,13:36,EF,long Code review beep,,,,,,,
 21/10/22,14:26,DR,,,,,,,,
 25/10/22,8:34,DG,"Reaaally long beep, like a whole minute.",,,,,,,
 25/10/22,12:15,DG,Shortish beep ,,,,,,,
 25/10/22,12:47,EF,,,,,,,,
 26/10/22,8:56,CC,good morning beep,,,,,,,
 26/10/22,11:06,LT,two short ones,,,,,,,
 26/10/22,11:34,CC,eg beep,,,,,,,
 26/10/22,12:44,CC,,,,,,,,
 26/10/22,12:47,CC,,,,,,,,
 26/10/22,14:29,DG/(LT maybe),long beep that i thought was going to stop midway but then kept going,hahahahaha ,,,,,,
 27/10/22,12:09,DG,"lunch, medium beep",RUDE,,,,,,
 27/10/22,12:49,DG,a bearable amount of beep,who are you,,,,,,
 27/10/22,13:07,DG,"i swear im not making these up,, also there were two","Daria, we already worked this out smh",,,,,,
,,,,yes yes sorry i remember your existence,,,,,,
,,,,well now im hurt </3,,,,,,
 31/10/22,12:10,NW,"the bitch is back, and the beep was pretty long",,,,,,,
 1/11/22,12:35,CC,november beep x2,,,,,,,
 1/11/22,12:40,CC,,,,,,,,
 1/11/22,14:37,CC,,,,,,,,
 2/11/22,10:45,DR,yes,,,,,,,
 2/11/22,12:35,DG,"piss off, its my two beeps >:(",,,,,,,
 2/11/22,14:51,DR,sit,,,,,,,
 2/11/22,16:35,EF,,,,,,,,
 3/11/22,12:20,DR,,,,,,,,
 3/11/22,12:36,DR,,,,,,,,
 3/11/22,13:13,EF,,,,,,,,
 3/11/22,15:23,DR,double,,,,,,,
 4/11/22,13:58,CC,triplet,,,,,,,
 7/11/22,9:53,DG,"two long beeps, during the second one a third beep came along and harmonised, it was kinda beautiful",,,,,,,
 8/11/22,9:09,AA,long beep that ebbed and flowed ,poetic,,,,,,
 8/11/22,10:35,AA,"another long one daria says ""a prolonged beep where you thought it was going to stop but it doesn't""",,,,,,,
 8/11/22,11:55,DR,this one was quite loud!,,,,,,,
 8/11/22,14:57,,long beep!!!!!,Like omg shut up,,,,,,
 8/11/22,15:03,,,,,,,,,
 8/11/22,15:09,,x2,,,,,,,
 9/11/22,10:27,DG,"long then short, two beeps",,,,,,,
 9/11/22,12:31,ER,short,,,,,,,
 9/11/22,12:43,ER,"short 2, electric boogaloo",,,,,,,
 9/11/22,13:12,DR,good thing i missed eg lunch,,,,,,,
 9/11/22,13:32,DR,ditto,,,,,,,
 10/11/22,12:40,ER,longish,,,,,,,
 10/11/22,13:14,ER,from Matt's office,,,,,,,
 11/11/22,11:54,DR,hungover beep,,,,,,,
 11/11/22,12:14,DR,it went like: b b beeeeeeeeeeeeeeeeeeep,,,,,,,
 11/11/22,12:27,DR,this one was loud but it did a little fade out toward the end,,,,,,,
 11/11/22,12:51,DR,many beeps this day,,,,,,,
 11/11/22,14:53,CC ,hello,,,,,,,
 14/11/22,12:37,DG,long beep,,,,,,,
 14/11/22,13:13,DG,,,,,,,,
 14/11/22,14:56,DR,victory ? most beeps ?,,,,,,,
 14/11/22,15:12,DR,running away with it,,,,,,,
 15/11/22,10:35,DR,just in time beep,,,,,,,
 16/11/22,14:35,ER,FOUR quick beeps,no FIVE (the fifth one came after a short delay),time delay :O,,,,,
,,,hey guys its me alberto vecchio,Let me know if you are free right now.,funnee,,,,,
,,,let me know if you are available right now,SNAP,,,,,,
 17/11/22,9:45,EF,,,,,,,,
 17/11/22,12:16,ER,three beeps of varying length,,,,,,,
 17/11/22,12:36,ER,one long beep,,,,,,,
 18/11/22,12:44,DG,one long beep here too,,,,,,,
 21/11/22,9:14,AA,,,,,,,,
 22/11/22,11:57,EF,,,,,,,,
 22/11/22,12:52,CC,high pitched,,,,,,,
 22/11/22,13:00,CC,,,,,,,,
 22/11/22,16:33,LT,"ALEXGILL SAYS WORKSHOP BEEP BUT NOT FROM MACHINE, but they were using a machine but the beep was not from it probably ",Lt wanted to write it :( she needs the numbers,,,,,,
,,,aw ok well,,,,,,,
,,,i concede,,,,,,,
,,,<3 ty,,,,,,,
 23/11/22,12:07,ER,short and sweet :),,,,,,,
 23/11/22,12:31,DR,can we go for lunch now,beat me to it grr,,,,,,
 23/11/22,12:32,CC,omg hi lucy,ok one sec looking at jobs,,,,,,
,,,does that count as new beep,wooo,,,,,,
 23/11/22,12:43,ER,lunch beep,,,,,,,
 23/11/22,13:10,LT,YES got one today finally,,,,,,,
 24/11/22,13:07,EF,,,,,,,,
 24/11/22,15:40,EF,,,,,,,,
 25/11/22,12:41,DR,queit beeop,,,,,,,
 25/11/22,13:08,LT,Beeeeeeeeeep at lunch,,,,,,,
 25/11/22,14:56,DR,shortest beep ever?????? <1 second,,,,,,,
 25/11/22,15:07,LT,hello :),,,,,,,
 28/11/22,9:46,DG,"short beep, one",,,,,,,
 28/11/22,10:09,DG,"two long beeps that bled into one another, followed by a medium beep",,,,,,,
 28/11/22,13:05,AA,,,,,,,,
 29/11/22,10:11,AA,a long one that tapered off and then came back with a vengeance,,,,,,,
 29/11/22,12:14,DR,hi 2 slow,toot toot,:(,,,,,
,,,hi **dan**,,,,,,,
 29/11/22,12:40,AA,long loud and then 2 quieter ones,fine have it,:))))))),,,,,
 29/11/22,12:41,AA,woah another ,encore!,,,,,,
 30/11/22,10:01,EF,,,,,,,,
 30/11/22,12:40,CC,swear they're always at 12:40 x2,beeeeeeeeeeeeeeeeeeeeeeeeeeeeeeeeeeeeeeeeeeeeeeeeeeeeeeeeeeeeeeeeeeeeeeeeeeeeeeeeep,,,,,,
 30/11/22,12:41,LT,hehehe the secone one is mine,who goes there,,,,,,
 30/11/22,12:42,CC,woah that one was wobbly,beeeeeeeeeeeeeeeeeeeeeeeeeeeeeeeeeeeeeeeeeeeeeeeeeeeeeeeeeeeeeeeeeeeeeeeeeeeeeeeeep,,,,,,
 30/11/22,12:42,LT,lots of little ones then a long one???,LT ere,,,,,,
,,,tf is gojng on,avast ye,,,,,,
,,,it's the end of days,,,,,,,
,,,oh no,,,,,,,
 30/11/22,13:12,EF,,,,,,,,
 30/11/22,14:06,EF,,,,,,,,
 1/12/22,12:20,EF,,,,,,,,
 1/12/22,13:06,CC,ho ho ho beep,,,,,,,
 2/12/22,14:50,ER,booooooop,,,,,,,
 2/12/22,15:16,EF,,,,,,,,
 5/12/22,11:25,DR,hate mondays love lasange,,,,,,,
 5/12/22,12:36,DR,no lasagne,,,,,,,
 6/12/22,8:56,DG,long beep. head hurts. early. second medium beep after a substantial pause.,,,,,,,
 6/12/22,10:11,EF,,,,,,,,
 6/12/22,12:29,DG,long beep,,,,,,,
6/12/22,12:31,DG,"long beep, back with a vengeance, then a short beep to punctuate it all",,,,,,,
6/12/22,13:55,EF,,,,,,,,
7/12/22,10:34,EF,,,,,,,,
 7/12/22,12:59,CC,long beep,,,,,,,
 7/12/22,15:08,EF,Two short beeps then a long beep,,,,,,,
 8/12/22,12:34,ER,kinda long beep,,,,,,,
 8/12/22,13:03,CC,lunch beep,,,,,,,
 8/12/22,13:07,ER,encore beep,,,,,,,
 9/12/22,12:04,ER,booooop,i hate u,:),,,,,
 12/12/22,11:47,EF,beep with varying loudness,,,,,,,
 12/12/22,12:03,EF,beep,,,,,,,
 12/12/22,12:36,EF,"""",,,,,,,
12/12/22,13:02,LT,Lunch beep,,,,,,,
 12/12/22,14:38,LT,"Lots of beeps all together? Some long some short, a cluster of beeps",,,,,,,
 12/12/22,14:50,LT,beepy,,,,,,,
 13/12/22,11:57,ER,boooop,,,,,,,
 13/12/22,12:04,ER,booop,,,,,,,
 13/12/22,12:08,ER,boop,,,,,,,
 13/12/22,12:15,ER,boop,,,,,,,
 13/12/22,12:24,ER,boop,,,,,,,
 14/12/22,9:39,LT,two long ones,,,,,,,
 14/12/22,13:17,CC,merry beepmas,,,,,,,
 14/12/22,14:49,CC,,,,,,,,
 15/12/22,10:26,DR,thursday double beap,,,,,,,
 15/12/22,12:29,ER,very quiet beep,,,,,,,
 15/12/22,14:55,DR,quick fade beep,,,,,,,
 15/12/22,15:05,CC,beep beep beep beep beep??? ,big beep,,,,,,
 9/1/23,10:59,DR,first (recorded) beep of 2023!!!!!!!!!!!!!!!!!!!!,,,,,,,
 9/1/23,11:48,DR,second (recorded) beep of 2023!!!!!!!!!!!!!!!!!!!!,,,,,,,
 9/1/23,15:33,DR,there were also like 3 beeps at lunch but i forgor,,,,,,,
 10/1/23,9:47,EF,many beeps,,,,,,,
 10/1/23,12:31,DG,"long beep, not super long though",,,,,,,
 10/1/23,13:54,DR,doubeep,wibbly beep,,,,,,
 10/1/23,15:07,DR,i think that was a beep,,,,,,,
 11/1/23,10:33,EF,beep followed by faint high pitch beep,,,,,,,
 11/1/23,10:58,EF,beep,,,,,,,
 12/1/23,10:19,ER,couple of false starts,oh good it was a beep it was bery quiet,it was pretty loud in g26,,,,,
 12/1/23,10:35,CC,,,,,,,,
 12/1/23,14:42,AA,2 long ones (ammendment 3 LONG ONES),longy,,,,,,
 12/1/23,15:39,ER,4 or 5 quick beeps,x4? 5? busy beep,,,,,,
 13/1/23,10:29,ER,long beep immediately followed by a quick one,,,,,,,
 13/1/23,11:16,ER,beeep,,,,,,,
 13/1/23,11:27,ER,beep,,,,,,,
 13/1/23,12:41,ER,bep,,,,,,,
 13/1/23,12:42,ER,"quieter, one short one long",,,,,,,
 13/1/23,14:32,ER,beep,,,,,,,
 13/1/23,14:52,ER,"long beep, faded out instead of cutting off",,,,,,,
 13/1/23,15:09,ER,"two quick, quiet beeps",friday was busy huh,or I wasn't :),,,,,
 16/1/23,10:21,CC,,,,,,,,
 16/1/23,13:15,ER,"very quiet beep, faded in and out, followed by a few loud ones",,,,,,,
 16/1/23,16:25,ER,beep,time to go home beep,,,,,,
 17/1/23,9:58,CC,quiet beep,this is the beep's home,,,,,,
 17/1/23,10:32,CC,,,,,,,,
 17/1/23,11:38,CC,beep faded out,,,,,,,
 17/1/23,13:14,LT,,,,,,,,
 17/1/23,14:40,AA,loud beep,why arent u listening,to Graham?,,,,,
 18/1/23,10:32,ER,"four beeps? gaps were so short, maybe one long beep with three stutters?",that's for the beep philosophers to decide,yes >:(,,,,,
 18/1/23,15:15,AA,I think I counted 5 ,,leave me alone,,,,,
 18/1/23,15:15,CC,overactive beep,,,,,,,
 18/1/23,16:25,AA,either I'm hearing things or beep,,,,,,,
 19/1/23,15:17,DR,mall beep,>:(,,,,,,
 20/1/23,12:50,EF,standard beep,,,,,,,
 20/1/23,14:18,DG,beep,,,,,,,
 23/1/23,13:58,DR,yeah theres a beep and what,,,,,,,
 23/1/23,14:24,DR,another mf beep,stop stealing my beeps ,skill issue,,,,,
 23/1/23,14:25,CC,blatant beep theft,,,,,,,
 23/1/23,14:26,CC,surely same beep,harmonizing beep,,,,,,
 23/1/23,15:00,DR,doubler,,,,,,,
 24/1/23,10:26,EF,beep,,,,,,,
 24/1/23,11:19,DR,tuesday,heard in journal club,,,,,,
 24/1/23,12:35,CC,ooh double beep but the second one was a baby one,baby beep still going very quiet ,omg back again,,,,,
 24/1/23,12:42,CC,,,,,,,,
 24/1/23,12:46,DR,busy beep day,,,,,,,
 24/1/23,14:57,DR,ok we get it shut up,beepity beep beep,,,,,,
 25/1/23,10:33,DG,"quiet, gentle x3 beeps",,,,,,,
 25/1/23,11:33,LT,haha suckers,!!!!! what the hellll,,,,,,
 25/1/23,12:49,DR,all these beeps will be mine,NOOO,,,,,,
 25/1/23,13:40,ER,the gang's all here,censorship!!!,,,,,,
 25/1/23,15:11,ER,its just good planning,,,,,,,
 26/1/23,11:04,DR,ah yes fresh beep,,,,,,,
 26/1/23,11:29,DR,nothing like a good beep on a thursday at 11:29 am,,,,,,,
 26/1/23,14:35,LT,yessss it is mine ,,,,,,,
 27/1/23,12:13,EF,Friday beep,,,,,,,
 27/1/23,13:11,LT,,,,,,,,
 27/1/23,13:14,LT,,,,,,,,
 27/1/23,15:07,LT,double long beep,,,,,,,
 27/1/23,15:53,ER,beep followed by short beep,,,,,,,
 30/1/23,9:58,LT,,,,,,,,
 30/1/23,11:18,ER,boooop,,,,,,,
 30/1/23,15:21,DR,very long like my,last name,,,,,,
 31/1/23,10:03,EF,single beep,,,,,,,
 1/2/23,10:55,ER,booop,,,,,,,
 1/2/23,12:27,DR,sanwich,,,,,,,
 1/2/23,12:40,DR,double decker,,,,,,,
 1/2/23,15:06,DR,fast,,,,,,,
 2/2/23,13:03,ER,heard from Matt's office upstairs,,,,,,,
 2/2/23,15:04,ER,short with a false start,,,,,,,
 7/2/23,11:56,DR,pre lunch beep (pruncheep),,,,,,,
 7/2/23,14:25,ER,booop,,,,,,,
 7/2/23,14:54,ER,boooop booop,,,,,,,
 7/2/23,16:55,CC,go home beep,,,,,,,
 8/2/23,11:12,AA,,,,,,,,
 8/2/23,11:37,AA,,,,,,,,
 8/2/23,12:40,AA,beep remix,,,,,,,
 8/2/23,14:30,DR,a beep was ingested by the system,,,,,,,
 9/2/23,11:49,DR,im hungry,,,,,,,
 9/2/23,13:06,DR,beep with the clean fade :100:,,,,,,,
 9/2/23,13:34,DR,,,,,,,,
 9/2/23,13:59,DR,Extremely loud,,,,,,,
 10/2/23,10:31,CC,,,,,,,,
 10/2/23,10:33,CC,hello cressida ,,,,,,,
 10/2/23,12:41,DR,nice beep weather we're having,,,,,,,
 10/2/23,13:05,DR,>:(((,,,,,,,
 10/2/23,13:57,DR,chocolate,,,,,,,
 10/2/23,14:53,DG,short beep,,,,,,,
 13/2/23,11:59,AA,lunch beep,no beeps for a while :(,,,,,,
 15/2/23,12:40,CC,welcome back beep,,,,,,,
 15/2/23,16:34,DR,late one for mr or mrs or other gender beep,,,,,,,
 16/2/23,12:44,DR,it started for a bit then it stopped then it started again then it stopped now it is going hard,>:((,:-),,,,,
 20/2/23,12:36,ER,low and slow,,,,,,,
 21/2/23,10:33,DR,really taking the piss,,,,,,,
 21/2/23,10:50,DR,its back,,,,,,,
 21/2/23,11:49,DR,Large beep (with a capital L),,,,,,,
 21/2/23,13:08,DR,lonely in beep town,,,,,,,
 21/2/23,14:44,CC,x2,,,,,,,
 22/2/23,10:40,AA,beep as soon as I turned my fan on? O.o,,,,,,,
 22/2/23,14:38,AA,NONO NO aysha,,,,,,,
 22/2/23,14:39,LT,hahaha (seminar beep),I can't believe you'd do this to me,,,,,,
 22/2/23,14:40,AA,STOP IT >:) (long boi),you're welcome :),okay im stopping now ave a good afternoon,,,,,
 23/2/23,9:30,DG,medium beep,,>:(((((,,,,,
 23/2/23,10:58,CC,coffee beep,,omfg make it stop ,,,,,
 23/2/23,11:11,CC,omg make a wish,,,,,,,
 23/2/23,12:40,CC,lunch beep,,,,,,,
 23/2/23,13:03,DR,France sucks,,,,,,,
 23/2/23,16:09,DR,beep from the deep,,,,,,,
 24/2/23,9:48,DG,"two beeps, medium in length",theres never any competition for beep logging on a friday morning ,lonely vibes,,,,,
 27/2/23,8:11,AA,a nice fresh beep to start the day,,,,,,,
 27/2/23,8:39,AA,,,,,,,,
 27/2/23,9:52,AA,punishment for being distracted,,,,,,,
 27/2/23,10:26,DR,wtf why were there beeps at 8 am or rather why were there weirdos in to log them,the beeps feel at peace with me,,,,,,
 27/2/23,11:30,DR,small family of beeps ,stuttering,,,,,,
 27/2/23,12:00,DR,half an hour between the beeps this is a sign ,,,,,,,
 27/2/23,15:09,DR,a whimsical hum ,hello anonymous grizzly,,,,,,
 1/3/23,10:30,DR,quiet beep (qeep),you appear to be too late,,,,,,
 1/3/23,10:36,DR,this beep has an error on the time of ±1 minute as i was filling up my water when it occured. I know its not good enough and I have let you all down. I'm sorry.,how unfortunate for you,,,,,,
 1/3/23,11:54,DR,double eg beep,I'm here for the vibes only,,,,,,
 1/3/23,12:09,DR,"long, quiet post-eg beep","there are no vibes here, only beeps",,,,,,
 1/3/23,12:32,DR,bliejfandkfnajdnfjandjfnjadnfap,hello birmingham friends,,,,,,
 1/3/23,14:02,DR,pre-seminar beep (preminar-beep),,,,,,,
 1/3/23,14:24,DR,,,,,,,,
 2/3/23,10:15,ER,LOTS of beeps in quick succession,,,,,,,
 2/3/23,12:29,ER,boooooop,,,,,,,
 2/3/23,12:44,ER,boooop,,,,,,,
 2/3/23,14:58,ER,booop booop,,,,,,,
 2/3/23,15:45,DR,sjdbfhabdsdjadnfa,,,,,,,
 3/3/23,12:33,DG,medium beep,,,,,,,
 3/3/23,12:37,DG,"another medium beep, with a resonant beep in corner of Vinen room??",,,,,,,
 3/3/23,12:41,DG,"long beep, and look I'm not making these up Diganta is here too",,,,,,,
 3/3/23,12:50,DG,"short beep, Alicia and Diganta can confirm",,,,,,,
 6/3/23,9:55,DG,early morning medium beep,,,,,,,
 6/3/23,9:57,DG,"long beep, i hate mondays >:( ",,,,,,,
 6/3/23,10:57,DG,"two beeps, one short one loooong",,,,,,,
 6/3/23,12:33,DG,"loooooong beep, recorded by Community Beep Volunteer DG (associate)",,,,,,,
 6/3/23,12:35,DG,"short beep, continuing my streak",,,,,,,
 6/3/23,12:37,DG,beep,,,,,,,
 6/3/23,13:04,DG,"two beeps, second one shorter",(im building up a combo),,,,,,
 6/3/23,13:45,ER,"short, quiet beep",c-c-c-combo breaker,,,,,,
 6/3/23,14:47,EF,short beep,,,,,,,
 7/3/23,14:25,ER,booooop,,,,,,,
 7/3/23,14:54,ER,"short beep, then longer beep",,,,,,,
 8/3/23,10:54,DR,i want it to end,,,,,,,
 8/3/23,11:01,ER,"short, then long (again)",,,,,,,
 8/3/23,12:14,ER,booooop,,,,,,,
 8/3/23,12:39,ER,loud beep,,,,,,,
 9/3/23,12:36,EF,fairly long beep,,,,,,,
 9/3/23,13:30,CC,Leep,,,,,,,
 13/3/23,12:35,ER,long beep,,,,,,,
 15/3/23,12:19,DR,finally beep,,,,,,,
 15/3/23,13:07,CC,guys she didnt add a comment here therefore i can claim this beep,,,,,,,
 15/3/23,13:11,CC,triple,,,,,,,
 16/3/23,10:45,CC,Loud and long ,,,,,,,
 16/3/23,12:31,DR,if a beeep happens but no one is around to hear it?,,,,,,,
 16/3/23,13:49,CC,Another to be claimed,,,,,,,
 17/3/23,10:51,EF,standard beep,,,,,,,
 17/3/23,12:01,DR,beep during friday,,,,,,,
 17/3/23,15:32,CC,fadey,:),,,,,,
 20/3/23,9:22,DG,"long beep, singular",,,,,,,
 20/3/23,09:51,DG,that was a very long beep,why did i check the date as if it had changed from the beep half an hour ago??,,,,,,
 20/3/23,9:59,DG,medium - long beep ,,,,,,,
 20/3/23,12:18,EF,quite short with a nice fade at the end,,,,,,,
 20/3/23,13:04,DG,"short, quiet, gentle beep",,,,,,,
 20/3/23,13:22,DG,"EIGHT! eight beeps, in quick succession?? ",crazy,omg i love hbo's succession starring brian cox and jeremy strong,,,,,
 20/3/23,14:29,DG,muted medium-long beep,,,,,,,
 21/3/23,9:11,DG,"Three beeps: long, short, medium",,,,,,,
 21/3/23,9:49,EF,A long beep immediately followed by a shorter one,,,,,,,
 21/3/23,12:50,DG,medium beep,,,,,,,
 21/3/23,13:44,DG,short ish beep,,,,,,,
 21/3/23,14:50,ER,looooooong beep,,,,,,,
 21/3/23,15:27,DG,three medium beeps,,,,,,,
 22/3/23,12:11,ER,"loud, short beep",,,,,,,
 22/3/23,12:28,ER,yer standard beep that was,,,,,,,
 22/3/23,12:41,ER,vanilla beep,,,,,,,
 22/3/23,13:01,DG,"one long, then four in a rhythm (Evan thinks only three after)",,,,,,,
 22/3/23,13:05,DG,loong,,,,,,,
 22/3/22,13:07,DG,mid,,,,,,,
 23/3/23,12:38,DG,quiet beep,,,,,,,
 23/3/23,12:40,DG,looooooooooooooong beep,,,,,,,
 24/3/23,11:53,EF,pretty standard ,,,,,,,
 24/3/23,13:47,DR,we missed a few beeps :(,,,,,,,
 27/3/23,9:55,EF,short beep,,,,,,,
 27/3/23,11:24,EF,"quite long, sounded like it was struggling",poor beep needs a holiday,,,,,,
 27/3/23,12:24,CC,lunch beep,,,,,,,
 27/3/23,12:43,LT,Lunch lunch,,,,,,,
 27/3/23,14:44,DR,it s a me beepio,,,,,,,
 27/3/23,15:37,LT,Normal beep and then v short secret beep?,,,,,,,
 28/3/23,12:40,AG,"Long beep, idk like 10s maybe?",,,,,,,
 28/3/23,12:44,AG,Long beep again??,,,,,,,
 28/3/23,16:20,EF,short beep,,,,,,,
 29/3/23,9:56,EF,very loud,,,,,,,
 29/3/23,11:15,LT,"OH no, very long loud beep",excuse me,,,,,,
 29/3/23,12:39,CC,,Sorry who is this please accept my qpology,,,,,,
 29/3/23,12:56,ER,lunch beep,,,,,,,
 29/3/23,13:08,ER,"lunch beep 2, electric beepaloo",,,,,,,
 29/3/23,15:24,ER,average beep,,,,,,,
 29/3/23,17:53,AA,Belfast beep o.O (or just delusion),omg,,,,,,
 30/3/23,11:16,EF,vanilla beep,,,,,,,
 30/3/23,12:37,DR,chocolate beep,noo i missed it because this stupid page takes so long to load,,,,,,
 30/3/23,12:55,DR,strawberry beep yay neopolitan (also triple beep how poigniant),nooo stupid discord got in the way grrrr,,,,,,
 30/3/23,15:40,CC,fading beep,its ok i got to complete my joke,,,,,,
 31/3/23,9:55,DR,insanely rare friday morning beep,,,,,,,
 31/3/23,12:40,DR,Phone recorded lunch bep,,,,,,,
 31/3/23,13:02,EF,fairly long,,,,,,,
 31/3/23,13:15,DR,clear beep even from upstairs in my office i am not forging my data,,,,,,,
 31/3/23,14:56,DR,blueberreep (i am eating blueberries) omg double beep i reward myself with 2 blueberries,,,,,,,
 3/4/23,8:52,DG,"three beeps, medium-long-medium",that is an early beep,,,,,,
 3/4/23,13:09,CC,hey beep theft!,:),,,,,,
 3/4/23,13:12,DR,fadeybeep doublet,,,,,,,
 3/4/23,13:48,CC,this is outrageous,wee woo its the beep police,,,,,,
 4/4/23,9:48,DG,"four beeps, short-looooong-short-medium",........,,,,,,
 4/4/23,12:35,DR,infesting the gw journal club beep,we r so dum,,,,,,
 4/4/23,14:52,DR,reep,lol,,,,,,
 5/4/23,15:20,DR,double beep i am definitely working rn fr fr on god no capitalisation,,,,,,,
 5/4/23,15:38,DR,still working 100%,nooooooooooooo,,,,,,
 6/4/23,10:32,DR,yeah its thursday and theres a beep. that happened . it was a double beep . oh yeah,sit,,,,,,
 6/4/23,13:14,AA,,stand?,,,,,,
 13/4/23,14:32,CC,beep had a holiday,,,,,,,